{"_timestamp":1.7605180967662528e+09,"val_auc":0.8338343501091003,"train_loss_epoch":0.13872769474983215,"val_fss_3":0.20497700572013855,"val_fss_5":0.21177808940410614,"_runtime":731.419579715,"val_fss_9":0.22551287710666656,"trainer/global_step":7139,"_step":1451,"epoch":11,"_wandb":{"runtime":731},"train_loss_step":0.12259887158870697}