{"_runtime":941.727320076,"val_fss_9":0.15252776443958282,"_wandb":{"runtime":942},"_step":1935,"val_fss_5":0.12908068299293518,"epoch":15,"trainer/global_step":9519,"val_auc":0.7949092984199524,"_timestamp":1.7605160498868065e+09,"train_loss_step":0.009969837963581085,"val_fss_3":0.11804933100938797,"train_loss_epoch":0.00846584141254425}