{"trainer/global_step":8329,"epoch":13,"_timestamp":1.7605165635777767e+09,"val_auc":0.8211254477500916,"_wandb":{"runtime":824},"val_fss_5":0.11997761577367783,"_runtime":823.848417546,"val_fss_3":0.1099850982427597,"val_fss_9":0.14142918586730957,"train_loss_step":0.009652426466345787,"train_loss_epoch":0.007789968512952328,"_step":1693}