{"val_fss_9":0.1829160451889038,"train_loss_epoch":0.010657035745680332,"epoch":29,"trainer/global_step":35669,"_step":35729,"_wandb":{"runtime":2770},"_timestamp":1.760260820750886e+09,"train_loss_step":0.012158333323895931,"val_auc":0.742225706577301,"val_fss_5":0.15586692094802856,"_runtime":2769.325171547,"val_fss_3":0.14247456192970276}