{"trainer/global_step":4759,"val_fss_3":0.11009058356285095,"val_auc":0.7843397855758667,"train_loss_step":0.006281217094510794,"_wandb":{"runtime":467},"epoch":7,"val_fss_5":0.12013167142868042,"val_fss_9":0.14183351397514343,"train_loss_epoch":0.006803396623581648,"_runtime":466.431102556,"_timestamp":1.7602874095680053e+09,"_step":4775}