{"val_fss_3":0.07243645936250687,"_runtime":533.614978909,"val_fss_5":0.07853641360998154,"train_loss_epoch":0.0076836165972054005,"train_loss_step":0.009182040579617023,"_timestamp":1.7602874747481828e+09,"trainer/global_step":5354,"_step":5372,"_wandb":{"runtime":535},"val_fss_9":0.09180546551942825,"val_auc":0.6820807456970215,"epoch":8}