{"_runtime":589.512181197,"epoch":9,"trainer/global_step":5949,"train_loss_epoch":0.007306996267288923,"train_loss_step":0.0063636163249611855,"val_fss_3":0.21026428043842316,"_step":1209,"val_auc":0.8611922860145569,"val_fss_5":0.2277260720729828,"val_fss_9":0.26445046067237854,"_wandb":{"runtime":590},"_timestamp":1.7605156811982398e+09}