{"val_fss_3":0.18291839957237244,"val_fss_5":0.19875690340995789,"_wandb":{"runtime":593},"trainer/global_step":5949,"val_fss_9":0.2325914055109024,"train_loss_epoch":0.007080191280692816,"train_loss_step":0.006305902265012264,"_timestamp":1.7605156845754406e+09,"val_auc":0.8670896291732788,"_step":1209,"epoch":9,"_runtime":592.893718176}