{"epoch":14,"val_fss_5":0.23058173060417175,"val_fss_9":0.27214568853378296,"trainer/global_step":8924,"_timestamp":1.7602340736632495e+09,"_step":8954,"train_loss_step":0.0063874004408717155,"_runtime":2635.009903097,"train_loss_epoch":0.005839721765369177,"val_fss_3":0.20946761965751648,"_wandb":{"runtime":2635},"val_auc":0.7800012826919556}