{"val_fss_3":0.13512897491455078,"_wandb":{"runtime":591},"val_auc":0.8091503381729126,"train_loss_epoch":0.007974621839821339,"epoch":9,"val_fss_9":0.17113304138183594,"_timestamp":1.7605163111634147e+09,"_step":1209,"val_fss_5":0.14653202891349792,"trainer/global_step":5949,"train_loss_step":0.007082400843501091,"_runtime":590.726703421}