{"val_fss_9":0.2277679741382599,"val_auc":0.8345866203308105,"_runtime":586.142423706,"_step":5969,"trainer/global_step":5949,"_wandb":{"runtime":587},"val_fss_3":0.17868173122406006,"val_fss_5":0.19448469579219818,"train_loss_step":0.005100732669234276,"epoch":9,"train_loss_epoch":0.005548895802348852,"_timestamp":1.7602307929322762e+09}