{"train_loss_epoch":0.09745968133211136,"_wandb":{"runtime":1384},"epoch":22,"_step":2782,"trainer/global_step":13684,"_timestamp":1.7605187375776384e+09,"val_auc":0.8821806907653809,"val_fss_5":0.2767331898212433,"_runtime":1383.60570662,"val_fss_9":0.2988269329071045,"train_loss_step":0.09176899492740631,"val_fss_3":0.2662211060523987}