{"train_loss_epoch":0.12065795063972473,"train_loss_step":0.10263963043689728,"val_fss_3":0.14463740587234497,"val_fss_9":0.16184434294700623,"_runtime":1150.860121373,"val_auc":0.7440111637115479,"_timestamp":1.7605256551785662e+09,"_wandb":{"runtime":1151},"_step":2298,"epoch":18,"trainer/global_step":11304,"val_fss_5":0.15021732449531555}