{"val_fss_9":0.17810015380382538,"val_auc":0.7721922397613525,"_wandb":{"runtime":843},"_step":1693,"_runtime":841.764453367,"train_loss_epoch":0.13819418847560883,"_timestamp":1.7605253434650235e+09,"train_loss_step":0.14996987581253052,"epoch":13,"trainer/global_step":8329,"val_fss_3":0.16044096648693085,"val_fss_5":0.16627639532089233}