{"_runtime":1019.862210727,"val_fss_3":0.12856276333332062,"val_fss_5":0.13340984284877777,"_wandb":{"runtime":1020},"val_fss_9":0.14348600804805756,"epoch":16,"trainer/global_step":10114,"_timestamp":1.7605264286232936e+09,"train_loss_epoch":0.11871705949306488,"train_loss_step":0.11186613887548447,"val_auc":0.7410665154457092,"_step":2056}