{"train_loss_epoch":0.011388353072106838,"_wandb":{"runtime":814},"epoch":8,"_timestamp":1.760242272291687e+09,"_step":10718,"val_fss_5":0.06824452430009842,"trainer/global_step":10700,"_runtime":813.36893723,"val_auc":0.6664996147155762,"val_fss_3":0.06189650297164917,"train_loss_step":0.013495182618498802,"val_fss_9":0.08210746943950653}