{"train_loss_epoch":0.008583864197134972,"_wandb":{"runtime":532},"trainer/global_step":5354,"val_fss_3":0.11833185702562332,"epoch":8,"_timestamp":1.7605156400080469e+09,"val_fss_5":0.12908148765563965,"val_auc":0.7803568243980408,"_step":1088,"val_fss_9":0.15227246284484863,"_runtime":531.848584361,"train_loss_step":0.009508713148534298}