{"train_loss_step":0.006591696757823229,"_step":2298,"val_fss_9":0.21955819427967072,"_wandb":{"runtime":1111},"trainer/global_step":11304,"val_fss_3":0.17100033164024353,"val_fss_5":0.18669871985912323,"_timestamp":1.7605162022373865e+09,"epoch":18,"_runtime":1110.563148235,"val_auc":0.8194027543067932,"train_loss_epoch":0.007089769467711449}