{"_timestamp":1.7605159688269217e+09,"train_loss_epoch":0.006848720833659172,"_runtime":877.152625537,"val_fss_3":0.15701597929000854,"val_fss_5":0.17122343182563782,"_step":1814,"_wandb":{"runtime":878},"val_fss_9":0.201452374458313,"train_loss_step":0.007342662196606398,"epoch":14,"trainer/global_step":8924,"val_auc":0.8650946021080017}