{"train_loss_step":0.0075225988402962685,"epoch":10,"val_fss_5":0.09741845726966858,"val_fss_3":0.08953633159399033,"_wandb":{"runtime":645},"_step":6566,"val_fss_9":0.11415927112102509,"_runtime":644.43001266,"val_auc":0.6857039332389832,"train_loss_epoch":0.008367099799215794,"_timestamp":1.7602875797631257e+09,"trainer/global_step":6544}