{"_timestamp":1.7603620568334754e+09,"trainer/global_step":6544,"val_fss_9":0.2213914692401886,"val_auc":0.834089994430542,"val_fss_3":0.17329701781272888,"_step":6566,"val_fss_5":0.1887795776128769,"train_loss_step":0.005075485911220312,"epoch":10,"train_loss_epoch":0.00514864781871438,"_wandb":{"runtime":656},"_runtime":655.00862419}